Query,Intent
How long does shipping take?,Product Replacement
What payment methods do you accept?,Order Tracking
How do I reset my password?,Coupon Issue
What is your return policy?,Exchange Policy
Can I change my delivery address?,Payment Issue
Is there a discount available?,Discount Inquiry
I need help with my account.,Cancel Order
My coupon code is not working.,Product Replacement
What are your store hours?,Exchange Policy
Is there a discount available?,Exchange Policy
How can I get a refund?,Order Status
Can I change my delivery address?,Cancel Order
Is there a discount available?,Change Address
Can I change my delivery address?,Order Confirmation
How do I track my order?,Order Tracking
What payment methods do you accept?,Change Address
I want to cancel my order.,Product Replacement
What are your store hours?,Warranty Inquiry
Where is my order?,Password Reset
How long does shipping take?,Payment Methods
How long does shipping take?,Payment Methods
Do you offer international shipping?,Account Help
I need help with my account.,Shipping Time
Can I change my delivery address?,Change Address
Do you have a warranty on your products?,Product Replacement
Do you offer international shipping?,Order Tracking
How can I get a refund?,Order Status
Is there a discount available?,Coupon Issue
Do you have a customer support number?,Change Address
How long does shipping take?,Payment Methods
Do you have a warranty on your products?,Customer Support
What payment methods do you accept?,Payment Issue
How do I reset my password?,Shipping Time
Can I get a replacement for a damaged product?,Order Tracking
How can I get a refund?,Customer Support
How long does shipping take?,Refund
Where is my order?,Return Policy
Can I change my delivery address?,Warranty Inquiry
How do I track my order?,Payment Issue
Can I change my delivery address?,International Shipping
What is your return policy?,Cancel Order
Can I change my delivery address?,Order Status
How long does shipping take?,Exchange Policy
Do you have a warranty on your products?,Payment Issue
I need help with my account.,Store Hours
What is your exchange policy?,Exchange Policy
What is your return policy?,Shipping Time
My coupon code is not working.,Payment Methods
Do you have a customer support number?,Change Address
Do you have a warranty on your products?,Order Status
How can I get a refund?,Product Replacement
My coupon code is not working.,Cancel Order
How do I reset my password?,Account Help
How do I reset my password?,Coupon Issue
How can I get a refund?,Payment Issue
How long does shipping take?,International Shipping
Can I get a replacement for a damaged product?,Account Help
How do I reset my password?,Order Tracking
Do you offer international shipping?,Change Address
How long does shipping take?,Customer Support
How do I track my order?,Coupon Issue
Do you offer international shipping?,Payment Methods
Is there a discount available?,Return Policy
How can I get a refund?,Customer Support
I need help with my account.,Discount Inquiry
My coupon code is not working.,International Shipping
What payment methods do you accept?,Customer Support
How do I track my order?,Payment Methods
How long does shipping take?,Exchange Policy
How can I get a refund?,Product Replacement
My coupon code is not working.,International Shipping
My coupon code is not working.,Warranty Inquiry
How long does shipping take?,Product Replacement
Can I change my delivery address?,Password Reset
What is your exchange policy?,Change Address
How do I track my order?,Discount Inquiry
How do I track my order?,Password Reset
How do I reset my password?,Order Confirmation
Is there a discount available?,Cancel Order
Do you have a warranty on your products?,Order Tracking
How can I get a refund?,Change Address
How can I get a refund?,Order Status
I need help with my account.,Change Address
How do I reset my password?,Order Status
What is your exchange policy?,Coupon Issue
How do I track my order?,Account Help
I want to cancel my order.,International Shipping
I need help with my account.,Password Reset
How long does shipping take?,Payment Methods
What is your exchange policy?,International Shipping
Do you offer international shipping?,Coupon Issue
Why is my payment failing?,Shipping Time
I want to cancel my order.,Return Policy
How do I reset my password?,International Shipping
Do you have a customer support number?,Warranty Inquiry
What is your exchange policy?,Refund
What payment methods do you accept?,Product Replacement
I need help with my account.,Account Help
How long does shipping take?,Payment Methods
Can I change my delivery address?,Account Help
I need help with my account.,Store Hours
Do you have a customer support number?,Discount Inquiry
Where is my order?,Change Address
Can I change my delivery address?,Coupon Issue
What is your exchange policy?,Order Confirmation
Is my order confirmed?,International Shipping
Why is my payment failing?,Exchange Policy
How do I reset my password?,Customer Support
Do you have a customer support number?,Coupon Issue
How can I get a refund?,Change Address
What is your exchange policy?,Return Policy
Do you have a customer support number?,Refund
Why is my payment failing?,Product Replacement
How do I reset my password?,Account Help
What are your store hours?,Change Address
I need help with my account.,Discount Inquiry
Do you offer international shipping?,Payment Methods
Do you have a warranty on your products?,Change Address
Is there a discount available?,Order Confirmation
How long does shipping take?,Payment Issue
Can I get a replacement for a damaged product?,Refund
How can I get a refund?,Return Policy
How long does shipping take?,Order Tracking
How do I reset my password?,Change Address
What payment methods do you accept?,Payment Methods
Do you have a customer support number?,Store Hours
Do you offer international shipping?,Warranty Inquiry
Do you have a customer support number?,Discount Inquiry
Why is my payment failing?,Order Tracking
Do you offer international shipping?,Shipping Time
What payment methods do you accept?,Password Reset
I need help with my account.,Product Replacement
How do I reset my password?,Product Replacement
What are your store hours?,Payment Methods
What is your exchange policy?,Exchange Policy
What payment methods do you accept?,Payment Issue
My coupon code is not working.,Store Hours
I need help with my account.,Customer Support
I need help with my account.,Password Reset
How can I get a refund?,Cancel Order
How do I track my order?,Warranty Inquiry
Do you have a customer support number?,Payment Methods
How do I reset my password?,Order Status
Where is my order?,Exchange Policy
What is your return policy?,Product Replacement
Do you offer international shipping?,Warranty Inquiry
Do you have a warranty on your products?,Change Address
My coupon code is not working.,Return Policy
Can I change my delivery address?,Password Reset
I want to cancel my order.,Shipping Time
What is your exchange policy?,Refund
What are your store hours?,Warranty Inquiry
How long does shipping take?,Order Status
Where is my order?,Payment Issue
Can I get a replacement for a damaged product?,Exchange Policy
How do I track my order?,Shipping Time
Can I get a replacement for a damaged product?,Change Address
Why is my payment failing?,Password Reset
How long does shipping take?,Cancel Order
I need help with my account.,Refund
What are your store hours?,Warranty Inquiry
I want to cancel my order.,Payment Issue
How do I reset my password?,Password Reset
Can I get a replacement for a damaged product?,Order Confirmation
Do you have a customer support number?,Shipping Time
I want to cancel my order.,Refund
Is my order confirmed?,Return Policy
Do you offer international shipping?,International Shipping
I need help with my account.,Warranty Inquiry
Do you offer international shipping?,Exchange Policy
Where is my order?,Warranty Inquiry
How long does shipping take?,Coupon Issue
Can I get a replacement for a damaged product?,Payment Issue
Why is my payment failing?,Product Replacement
Do you offer international shipping?,Payment Methods
Do you have a warranty on your products?,Store Hours
Can I change my delivery address?,Refund
What is your exchange policy?,Customer Support
What payment methods do you accept?,International Shipping
Can I change my delivery address?,Order Status
Where is my order?,Payment Methods
Where is my order?,Payment Issue
What are your store hours?,Store Hours
How long does shipping take?,Warranty Inquiry
Can I get a replacement for a damaged product?,Product Replacement
My coupon code is not working.,Payment Issue
Can I get a replacement for a damaged product?,Password Reset
My coupon code is not working.,Coupon Issue
Is there a discount available?,Refund
How long does shipping take?,International Shipping
Do you have a customer support number?,Account Help
Do you have a warranty on your products?,International Shipping
Do you offer international shipping?,Customer Support
How do I reset my password?,Exchange Policy
How can I get a refund?,Coupon Issue
Do you have a customer support number?,Customer Support
Can I get a replacement for a damaged product?,Discount Inquiry
Do you have a customer support number?,Order Tracking
What are your store hours?,Account Help
How do I track my order?,Return Policy
Do you offer international shipping?,Return Policy
My coupon code is not working.,Refund
Is my order confirmed?,Store Hours
What is your exchange policy?,Coupon Issue
Do you have a warranty on your products?,Return Policy
Is my order confirmed?,Change Address
My coupon code is not working.,Coupon Issue
Where is my order?,International Shipping
I need help with my account.,Order Tracking
Do you have a warranty on your products?,Store Hours
Can I get a replacement for a damaged product?,Customer Support
My coupon code is not working.,Account Help
What are your store hours?,Customer Support
Do you have a customer support number?,Return Policy
Is there a discount available?,Password Reset
What is your exchange policy?,Refund
My coupon code is not working.,Customer Support
How do I track my order?,Order Confirmation
What payment methods do you accept?,Cancel Order
Can I get a replacement for a damaged product?,Account Help
Do you offer international shipping?,Account Help
How long does shipping take?,Discount Inquiry
Why is my payment failing?,Coupon Issue
I want to cancel my order.,Password Reset
What are your store hours?,Password Reset
Do you offer international shipping?,Shipping Time
Do you have a warranty on your products?,Password Reset
What is your return policy?,Order Status
What is your exchange policy?,Exchange Policy
Do you have a warranty on your products?,Payment Methods
Can I get a replacement for a damaged product?,Coupon Issue
I need help with my account.,Return Policy
How can I get a refund?,Account Help
Can I get a replacement for a damaged product?,Store Hours
How do I reset my password?,Exchange Policy
What are your store hours?,Account Help
How do I reset my password?,Store Hours
How do I track my order?,Product Replacement
Is there a discount available?,Return Policy
How do I track my order?,Change Address
What is your return policy?,Exchange Policy
Do you offer international shipping?,Password Reset
Is my order confirmed?,Order Tracking
What payment methods do you accept?,Product Replacement
Do you have a customer support number?,Warranty Inquiry
Do you have a warranty on your products?,Password Reset
Is there a discount available?,International Shipping
Do you offer international shipping?,Refund
Do you have a warranty on your products?,International Shipping
I want to cancel my order.,Return Policy
I need help with my account.,Refund
Is there a discount available?,International Shipping
Do you offer international shipping?,Refund
Is there a discount available?,International Shipping
Is my order confirmed?,Payment Methods
Can I get a replacement for a damaged product?,Exchange Policy
Where is my order?,Customer Support
I want to cancel my order.,Payment Methods
Can I get a replacement for a damaged product?,Coupon Issue
My coupon code is not working.,Password Reset
Can I change my delivery address?,Return Policy
Why is my payment failing?,Payment Issue
How do I track my order?,International Shipping
How do I track my order?,Account Help
What is your exchange policy?,Payment Issue
Can I change my delivery address?,Return Policy
How do I reset my password?,Payment Methods
Where is my order?,Refund
How can I get a refund?,Account Help
Why is my payment failing?,Order Confirmation
Where is my order?,Payment Methods
What is your return policy?,Exchange Policy
What is your exchange policy?,Customer Support
How can I get a refund?,Discount Inquiry
How do I reset my password?,Product Replacement
Do you have a customer support number?,Discount Inquiry
What is your exchange policy?,Shipping Time
How do I track my order?,Customer Support
What are your store hours?,Order Confirmation
Where is my order?,Account Help
I want to cancel my order.,Product Replacement
I want to cancel my order.,Exchange Policy
Can I get a replacement for a damaged product?,Payment Methods
How do I reset my password?,Refund
Do you have a warranty on your products?,Payment Methods
Can I get a replacement for a damaged product?,Order Tracking
How long does shipping take?,Change Address
What are your store hours?,Warranty Inquiry
What is your exchange policy?,Order Status
Do you offer international shipping?,Shipping Time
Why is my payment failing?,International Shipping
Do you have a warranty on your products?,Order Status
Can I get a replacement for a damaged product?,Order Tracking
How do I reset my password?,Shipping Time
Where is my order?,Exchange Policy
Do you have a customer support number?,Product Replacement
Is there a discount available?,Discount Inquiry
I need help with my account.,Account Help
What is your exchange policy?,Refund
Can I change my delivery address?,Coupon Issue
Do you have a customer support number?,Order Confirmation
My coupon code is not working.,Payment Issue
How do I reset my password?,Password Reset
How do I track my order?,Return Policy
How can I get a refund?,Refund
What are your store hours?,Refund
Can I change my delivery address?,Discount Inquiry
Is there a discount available?,Account Help
How do I track my order?,Payment Issue
What is your exchange policy?,Return Policy
Can I get a replacement for a damaged product?,Order Confirmation
My coupon code is not working.,Coupon Issue
Do you offer international shipping?,Product Replacement
Why is my payment failing?,Exchange Policy
How do I reset my password?,Password Reset
Can I get a replacement for a damaged product?,Discount Inquiry
What is your exchange policy?,Shipping Time
What is your return policy?,Refund
What is your exchange policy?,Discount Inquiry
Can I change my delivery address?,Account Help
Can I get a replacement for a damaged product?,Coupon Issue
My coupon code is not working.,Order Confirmation
Is my order confirmed?,Customer Support
Do you have a warranty on your products?,Exchange Policy
I need help with my account.,Customer Support
I want to cancel my order.,Order Confirmation
How do I reset my password?,Payment Methods
Do you offer international shipping?,Password Reset
Can I change my delivery address?,Order Status
Is there a discount available?,Account Help
What is your exchange policy?,Exchange Policy
Is there a discount available?,Order Confirmation
How can I get a refund?,Exchange Policy
Do you offer international shipping?,Refund
Is there a discount available?,Order Status
What is your return policy?,International Shipping
What payment methods do you accept?,Cancel Order
My coupon code is not working.,Product Replacement
I need help with my account.,Payment Issue
I need help with my account.,Return Policy
Is my order confirmed?,Account Help
Do you have a customer support number?,International Shipping
Do you have a customer support number?,Order Tracking
What is your exchange policy?,Discount Inquiry
How do I track my order?,Account Help
Can I get a replacement for a damaged product?,Payment Issue
Where is my order?,Discount Inquiry
Do you have a warranty on your products?,Product Replacement
What payment methods do you accept?,Account Help
What are your store hours?,Account Help
I want to cancel my order.,Coupon Issue
I want to cancel my order.,Payment Methods
Do you have a customer support number?,International Shipping
Can I change my delivery address?,International Shipping
How do I reset my password?,International Shipping
How do I reset my password?,Cancel Order
Can I get a replacement for a damaged product?,International Shipping
Can I get a replacement for a damaged product?,Refund
Is there a discount available?,Payment Issue
What is your return policy?,Shipping Time
How can I get a refund?,Cancel Order
Do you offer international shipping?,Password Reset
Can I change my delivery address?,Payment Issue
Is there a discount available?,Cancel Order
Do you offer international shipping?,Product Replacement
What payment methods do you accept?,Account Help
I need help with my account.,Exchange Policy
What is your exchange policy?,Password Reset
Is my order confirmed?,Coupon Issue
Do you have a warranty on your products?,Shipping Time
Why is my payment failing?,Payment Issue
What is your return policy?,Shipping Time
How long does shipping take?,Cancel Order
My coupon code is not working.,Payment Issue
What are your store hours?,Order Tracking
I need help with my account.,Coupon Issue
Is there a discount available?,Shipping Time
Where is my order?,Password Reset
How long does shipping take?,Order Tracking
Do you have a warranty on your products?,International Shipping
I want to cancel my order.,Account Help
Do you have a warranty on your products?,Shipping Time
Is my order confirmed?,Change Address
How do I track my order?,Shipping Time
How do I track my order?,Exchange Policy
What is your exchange policy?,Refund
Is there a discount available?,Cancel Order
How do I track my order?,Customer Support
What payment methods do you accept?,Return Policy
How can I get a refund?,Refund
How can I get a refund?,Change Address
Do you have a warranty on your products?,Change Address
What is your return policy?,Order Confirmation
Can I change my delivery address?,International Shipping
How can I get a refund?,Payment Methods
How long does shipping take?,Order Tracking
What is your return policy?,Account Help
Can I get a replacement for a damaged product?,Payment Issue
Is there a discount available?,Order Confirmation
What are your store hours?,Shipping Time
Do you offer international shipping?,Product Replacement
What are your store hours?,Exchange Policy
Why is my payment failing?,Customer Support
I need help with my account.,Store Hours
Where is my order?,Order Status
Can I get a replacement for a damaged product?,Discount Inquiry
How can I get a refund?,Password Reset
What is your return policy?,Change Address
How long does shipping take?,Cancel Order
Where is my order?,Shipping Time
Is my order confirmed?,Account Help
I want to cancel my order.,Order Confirmation
Where is my order?,Coupon Issue
What is your exchange policy?,Store Hours
Do you have a customer support number?,Account Help
Can I change my delivery address?,Store Hours
Can I get a replacement for a damaged product?,Product Replacement
Where is my order?,Warranty Inquiry
Do you have a warranty on your products?,Password Reset
Why is my payment failing?,Password Reset
What is your return policy?,Order Confirmation
I want to cancel my order.,Coupon Issue
Do you have a customer support number?,Exchange Policy
Is my order confirmed?,International Shipping
Is my order confirmed?,Refund
Where is my order?,Store Hours
What are your store hours?,Customer Support
Where is my order?,Order Tracking
What is your return policy?,Warranty Inquiry
I need help with my account.,Order Status
How do I reset my password?,Discount Inquiry
Can I change my delivery address?,Order Status
Do you have a warranty on your products?,Refund
Do you have a warranty on your products?,Product Replacement
Can I get a replacement for a damaged product?,Cancel Order
What are your store hours?,Cancel Order
How do I reset my password?,Payment Methods
What is your exchange policy?,Password Reset
I need help with my account.,Exchange Policy
What is your exchange policy?,Discount Inquiry
Do you offer international shipping?,Order Status
Do you offer international shipping?,Payment Methods
My coupon code is not working.,Payment Methods
Do you offer international shipping?,Shipping Time
What is your exchange policy?,Order Confirmation
Do you have a customer support number?,Order Status
Why is my payment failing?,Product Replacement
Do you have a customer support number?,Cancel Order
Is my order confirmed?,Store Hours
Do you offer international shipping?,Account Help
What is your exchange policy?,Order Status
Do you have a customer support number?,Product Replacement
What payment methods do you accept?,Product Replacement
Do you offer international shipping?,Order Tracking
What is your return policy?,Coupon Issue
Can I change my delivery address?,Coupon Issue
Can I get a replacement for a damaged product?,Return Policy
My coupon code is not working.,Customer Support
I want to cancel my order.,Order Confirmation
I want to cancel my order.,Cancel Order
Do you have a customer support number?,Exchange Policy
Can I change my delivery address?,Discount Inquiry
How can I get a refund?,Refund
Can I change my delivery address?,Coupon Issue
My coupon code is not working.,Return Policy
What are your store hours?,Return Policy
What are your store hours?,Store Hours
Can I change my delivery address?,International Shipping
What payment methods do you accept?,Coupon Issue
I want to cancel my order.,International Shipping
How do I track my order?,Discount Inquiry
What are your store hours?,Shipping Time
Is there a discount available?,Payment Issue
Is my order confirmed?,Payment Methods
Do you have a warranty on your products?,Payment Issue
What payment methods do you accept?,Order Confirmation
I need help with my account.,Return Policy
What is your return policy?,Order Confirmation
What payment methods do you accept?,Shipping Time
How long does shipping take?,Shipping Time
How do I reset my password?,Store Hours
What payment methods do you accept?,Warranty Inquiry
How long does shipping take?,Payment Methods
What are your store hours?,Order Confirmation
How can I get a refund?,Shipping Time
How do I reset my password?,Return Policy
Where is my order?,Shipping Time
How do I reset my password?,Warranty Inquiry
What is your return policy?,Order Status
I need help with my account.,Order Confirmation
How do I track my order?,Cancel Order
What payment methods do you accept?,Discount Inquiry
What payment methods do you accept?,Order Status
Do you offer international shipping?,Exchange Policy
Why is my payment failing?,Discount Inquiry
My coupon code is not working.,Product Replacement
Why is my payment failing?,Discount Inquiry
I need help with my account.,Refund
Can I get a replacement for a damaged product?,Warranty Inquiry
Do you offer international shipping?,Payment Methods
Where is my order?,Product Replacement
How do I track my order?,Password Reset
Is there a discount available?,Order Tracking
I want to cancel my order.,Customer Support
Do you have a warranty on your products?,Customer Support
What payment methods do you accept?,Order Tracking
Do you offer international shipping?,Customer Support
How do I track my order?,Password Reset
How do I track my order?,Password Reset
How do I reset my password?,Order Confirmation
What is your return policy?,Exchange Policy
I want to cancel my order.,Order Tracking
Is there a discount available?,Refund
Do you have a warranty on your products?,Order Tracking
Do you offer international shipping?,Refund
What is your return policy?,Return Policy
Can I get a replacement for a damaged product?,Change Address
What are your store hours?,Payment Methods
Can I change my delivery address?,Warranty Inquiry
How do I reset my password?,Order Status
How do I track my order?,Coupon Issue
How long does shipping take?,Discount Inquiry
What are your store hours?,Refund
How do I track my order?,Exchange Policy
How do I reset my password?,Order Tracking
What payment methods do you accept?,Product Replacement
What is your exchange policy?,Coupon Issue
I want to cancel my order.,Customer Support
What are your store hours?,Order Tracking
I need help with my account.,Warranty Inquiry
What payment methods do you accept?,Coupon Issue
Can I change my delivery address?,Warranty Inquiry
How do I reset my password?,Order Confirmation
Why is my payment failing?,Order Tracking
How can I get a refund?,Return Policy
Do you have a customer support number?,Account Help
How can I get a refund?,Customer Support
How do I track my order?,Customer Support
My coupon code is not working.,Account Help
Do you offer international shipping?,International Shipping
My coupon code is not working.,International Shipping
Is my order confirmed?,Payment Methods
Can I change my delivery address?,Account Help
Why is my payment failing?,Order Status
Do you have a warranty on your products?,Coupon Issue
I need help with my account.,Discount Inquiry
Can I get a replacement for a damaged product?,Warranty Inquiry
How long does shipping take?,Payment Issue
Do you have a customer support number?,Order Tracking
Can I get a replacement for a damaged product?,Refund
I need help with my account.,Discount Inquiry
How do I reset my password?,Account Help
Do you offer international shipping?,Order Status
Can I get a replacement for a damaged product?,Warranty Inquiry
Is my order confirmed?,Change Address
Do you have a warranty on your products?,Order Tracking
Is my order confirmed?,Refund
Is there a discount available?,Product Replacement
I want to cancel my order.,Cancel Order
Is there a discount available?,Order Status
How can I get a refund?,Account Help
How do I track my order?,Coupon Issue
Can I change my delivery address?,Payment Methods
Do you offer international shipping?,Customer Support
I need help with my account.,Return Policy
Why is my payment failing?,Cancel Order
Where is my order?,Discount Inquiry
Do you offer international shipping?,Order Confirmation
What is your return policy?,International Shipping
How do I track my order?,Shipping Time
How do I track my order?,Customer Support
How can I get a refund?,Order Status
How can I get a refund?,Refund
What is your return policy?,Password Reset
My coupon code is not working.,Change Address
Is my order confirmed?,Password Reset
Is my order confirmed?,International Shipping
Why is my payment failing?,Product Replacement
What payment methods do you accept?,Payment Methods
Is there a discount available?,International Shipping
Where is my order?,Return Policy
How can I get a refund?,Password Reset
Where is my order?,Customer Support
Can I change my delivery address?,Exchange Policy
What are your store hours?,Payment Methods
I want to cancel my order.,Warranty Inquiry
What payment methods do you accept?,Payment Issue
I need help with my account.,Shipping Time
I want to cancel my order.,International Shipping
My coupon code is not working.,Discount Inquiry
I want to cancel my order.,Cancel Order
How long does shipping take?,Return Policy
What are your store hours?,Cancel Order
What are your store hours?,Account Help
How long does shipping take?,Shipping Time
How long does shipping take?,Store Hours
How can I get a refund?,Password Reset
What are your store hours?,Password Reset
What is your return policy?,Warranty Inquiry
What is your return policy?,Order Confirmation
I need help with my account.,Warranty Inquiry
I want to cancel my order.,Change Address
What are your store hours?,Exchange Policy
Why is my payment failing?,Change Address
How long does shipping take?,Order Tracking
Do you offer international shipping?,Payment Methods
Do you have a customer support number?,Refund
What is your exchange policy?,Order Status
How can I get a refund?,Password Reset
Why is my payment failing?,Order Tracking
How long does shipping take?,Shipping Time
Why is my payment failing?,Account Help
Do you offer international shipping?,Change Address
I want to cancel my order.,Shipping Time
How do I track my order?,Password Reset
I need help with my account.,Payment Methods
How do I track my order?,Discount Inquiry
Can I change my delivery address?,Order Tracking
I need help with my account.,Order Tracking
Is there a discount available?,Refund
How do I reset my password?,Payment Issue
What are your store hours?,Order Status
What payment methods do you accept?,Payment Methods
What is your return policy?,Refund
Can I get a replacement for a damaged product?,Product Replacement
Can I change my delivery address?,International Shipping
Why is my payment failing?,Cancel Order
What is your return policy?,Password Reset
Where is my order?,Order Confirmation
I need help with my account.,Order Confirmation
Do you have a warranty on your products?,Return Policy
Do you have a warranty on your products?,Discount Inquiry
Is there a discount available?,Exchange Policy
What is your exchange policy?,Return Policy
I need help with my account.,International Shipping
How long does shipping take?,Shipping Time
Do you have a warranty on your products?,Payment Issue
How do I reset my password?,Return Policy
Is there a discount available?,Discount Inquiry
How can I get a refund?,Payment Issue
How can I get a refund?,Change Address
Do you have a customer support number?,Coupon Issue
Why is my payment failing?,Shipping Time
Can I get a replacement for a damaged product?,Payment Issue
I want to cancel my order.,Return Policy
How can I get a refund?,Account Help
Where is my order?,Exchange Policy
I need help with my account.,Exchange Policy
What is your return policy?,Change Address
How can I get a refund?,Order Confirmation
Do you have a warranty on your products?,Warranty Inquiry
I want to cancel my order.,Exchange Policy
Do you offer international shipping?,Order Tracking
Do you have a customer support number?,Return Policy
Is there a discount available?,Payment Issue
What is your return policy?,Order Confirmation
How can I get a refund?,Order Confirmation
Why is my payment failing?,Order Confirmation
Can I change my delivery address?,Password Reset
Can I change my delivery address?,Shipping Time
How long does shipping take?,Customer Support
Do you have a customer support number?,Discount Inquiry
Do you have a customer support number?,Product Replacement
My coupon code is not working.,Payment Methods
I want to cancel my order.,Store Hours
How do I track my order?,Warranty Inquiry
How long does shipping take?,Exchange Policy
How do I track my order?,Account Help
Can I get a replacement for a damaged product?,Return Policy
Do you offer international shipping?,Coupon Issue
Why is my payment failing?,Password Reset
Can I change my delivery address?,Payment Issue
How do I reset my password?,Customer Support
How can I get a refund?,Refund
What are your store hours?,Account Help
Can I change my delivery address?,Coupon Issue
Can I change my delivery address?,Store Hours
Is my order confirmed?,Coupon Issue
Can I get a replacement for a damaged product?,Order Status
Do you have a customer support number?,Account Help
Why is my payment failing?,Shipping Time
Do you have a customer support number?,Coupon Issue
Do you offer international shipping?,Product Replacement
My coupon code is not working.,Discount Inquiry
How can I get a refund?,Payment Issue
Where is my order?,Password Reset
Do you have a warranty on your products?,Password Reset
I want to cancel my order.,Warranty Inquiry
How long does shipping take?,Order Confirmation
Is there a discount available?,Password Reset
Do you offer international shipping?,Payment Methods
What payment methods do you accept?,Payment Issue
What is your exchange policy?,Change Address
Why is my payment failing?,Shipping Time
My coupon code is not working.,Payment Methods
How do I track my order?,Cancel Order
How can I get a refund?,Order Confirmation
What is your return policy?,Change Address
Do you have a warranty on your products?,Coupon Issue
What are your store hours?,Shipping Time
Why is my payment failing?,Change Address
Do you have a warranty on your products?,Warranty Inquiry
Where is my order?,Customer Support
Do you have a customer support number?,Order Status
I need help with my account.,Cancel Order
My coupon code is not working.,Discount Inquiry
Can I change my delivery address?,Change Address
Do you offer international shipping?,Payment Methods
How long does shipping take?,Account Help
How do I reset my password?,Change Address
Why is my payment failing?,Payment Methods
How long does shipping take?,Order Status
What is your exchange policy?,Discount Inquiry
What payment methods do you accept?,Exchange Policy
How long does shipping take?,Payment Methods
Can I get a replacement for a damaged product?,Cancel Order
What is your exchange policy?,Order Tracking
What is your exchange policy?,Refund
What is your return policy?,Cancel Order
How long does shipping take?,Password Reset
What payment methods do you accept?,Store Hours
Do you offer international shipping?,Payment Issue
I want to cancel my order.,Exchange Policy
Do you have a customer support number?,Order Tracking
Where is my order?,Customer Support
What payment methods do you accept?,Order Confirmation
Do you have a warranty on your products?,Warranty Inquiry
How long does shipping take?,Discount Inquiry
What payment methods do you accept?,Return Policy
Do you have a customer support number?,Payment Methods
How long does shipping take?,Payment Issue
Where is my order?,Cancel Order
Is there a discount available?,Order Tracking
What is your return policy?,Store Hours
Is there a discount available?,Password Reset
I want to cancel my order.,Discount Inquiry
How long does shipping take?,Warranty Inquiry
Do you have a customer support number?,Customer Support
Where is my order?,Account Help
How do I reset my password?,Product Replacement
Is there a discount available?,Exchange Policy
What payment methods do you accept?,Payment Issue
Is my order confirmed?,International Shipping
How do I track my order?,International Shipping
My coupon code is not working.,Password Reset
I need help with my account.,Order Tracking
Can I change my delivery address?,Store Hours
Can I get a replacement for a damaged product?,Order Confirmation
My coupon code is not working.,Order Status
Where is my order?,Return Policy
What is your return policy?,Account Help
What is your exchange policy?,Password Reset
Is my order confirmed?,Account Help
Is my order confirmed?,Shipping Time
What payment methods do you accept?,Shipping Time
How can I get a refund?,Payment Methods
Why is my payment failing?,Refund
How can I get a refund?,Account Help
What payment methods do you accept?,Product Replacement
How long does shipping take?,Payment Issue
Where is my order?,Return Policy
What payment methods do you accept?,Store Hours
Can I change my delivery address?,Cancel Order
What is your return policy?,Account Help
Do you have a customer support number?,Return Policy
How can I get a refund?,Customer Support
Is there a discount available?,Order Status
I want to cancel my order.,Store Hours
What is your return policy?,Warranty Inquiry
My coupon code is not working.,International Shipping
Do you offer international shipping?,Customer Support
Why is my payment failing?,International Shipping
Is my order confirmed?,International Shipping
I need help with my account.,Refund
Why is my payment failing?,Shipping Time
What payment methods do you accept?,Refund
I need help with my account.,Account Help
Do you have a warranty on your products?,Change Address
Do you have a customer support number?,Customer Support
What is your exchange policy?,Cancel Order
How long does shipping take?,Coupon Issue
Is my order confirmed?,Change Address
I want to cancel my order.,Shipping Time
What payment methods do you accept?,International Shipping
How can I get a refund?,Product Replacement
Do you offer international shipping?,Refund
Why is my payment failing?,Discount Inquiry
What are your store hours?,Return Policy
Can I change my delivery address?,Product Replacement
I want to cancel my order.,Change Address
Is my order confirmed?,International Shipping
Is there a discount available?,Payment Issue
How do I reset my password?,Payment Issue
What are your store hours?,Discount Inquiry
Where is my order?,Exchange Policy
What is your return policy?,Product Replacement
Do you offer international shipping?,Change Address
I want to cancel my order.,Cancel Order
Why is my payment failing?,Customer Support
Where is my order?,Shipping Time
How can I get a refund?,Order Status
Do you offer international shipping?,Order Confirmation
What is your exchange policy?,Refund
How long does shipping take?,Refund
I need help with my account.,Product Replacement
Why is my payment failing?,Customer Support
How do I reset my password?,Change Address
How can I get a refund?,Change Address
What is your exchange policy?,Warranty Inquiry
Is there a discount available?,Order Status
What payment methods do you accept?,Payment Methods
How do I reset my password?,Shipping Time
Can I get a replacement for a damaged product?,Order Tracking
Can I change my delivery address?,Shipping Time
Can I get a replacement for a damaged product?,Store Hours
Can I change my delivery address?,Product Replacement
Where is my order?,Discount Inquiry
Do you offer international shipping?,Payment Methods
I need help with my account.,Discount Inquiry
Why is my payment failing?,Customer Support
What payment methods do you accept?,Discount Inquiry
What are your store hours?,Payment Issue
Do you have a warranty on your products?,Change Address
Where is my order?,Payment Methods
Why is my payment failing?,Warranty Inquiry
I want to cancel my order.,Payment Methods
How can I get a refund?,Customer Support
Do you offer international shipping?,Account Help
How can I get a refund?,Shipping Time
How long does shipping take?,Shipping Time
Do you offer international shipping?,Order Tracking
What are your store hours?,Discount Inquiry
Can I change my delivery address?,Store Hours
Do you have a customer support number?,Coupon Issue
What is your return policy?,Payment Methods
I need help with my account.,Order Status
What is your exchange policy?,Password Reset
What is your return policy?,Password Reset
I need help with my account.,International Shipping
Can I get a replacement for a damaged product?,Discount Inquiry
Is there a discount available?,Account Help
Do you have a customer support number?,Exchange Policy
How can I get a refund?,Coupon Issue
Do you have a customer support number?,Customer Support
What are your store hours?,Cancel Order
Can I change my delivery address?,Order Tracking
Is there a discount available?,Change Address
What is your return policy?,Coupon Issue
What is your exchange policy?,Cancel Order
Do you have a warranty on your products?,Refund
How do I track my order?,Exchange Policy
What is your return policy?,Return Policy
Can I get a replacement for a damaged product?,Coupon Issue
Do you have a customer support number?,Payment Issue
Is there a discount available?,Order Status
Do you have a warranty on your products?,Order Status
What is your return policy?,Refund
How do I reset my password?,Customer Support
How can I get a refund?,International Shipping
How do I reset my password?,Payment Methods
How do I reset my password?,Customer Support
How do I track my order?,Order Status
How long does shipping take?,Discount Inquiry
Do you offer international shipping?,Product Replacement
How do I reset my password?,Warranty Inquiry
Where is my order?,Account Help
How can I get a refund?,Discount Inquiry
How do I track my order?,Account Help
How do I reset my password?,Order Confirmation
What is your return policy?,International Shipping
What payment methods do you accept?,Order Status
Do you have a customer support number?,Product Replacement
How can I get a refund?,Account Help
Do you have a warranty on your products?,Customer Support
Why is my payment failing?,Exchange Policy
How can I get a refund?,Product Replacement
I need help with my account.,Return Policy
Do you have a customer support number?,Exchange Policy
How can I get a refund?,Order Tracking
My coupon code is not working.,Order Status
What payment methods do you accept?,Discount Inquiry
Is my order confirmed?,Cancel Order
I need help with my account.,International Shipping
Do you offer international shipping?,Password Reset
I want to cancel my order.,Password Reset
My coupon code is not working.,Exchange Policy
Do you offer international shipping?,Order Status
My coupon code is not working.,Order Confirmation
Where is my order?,Order Status
My coupon code is not working.,Order Tracking
How do I reset my password?,Return Policy
What is your exchange policy?,Store Hours
How can I get a refund?,Password Reset
I need help with my account.,Payment Methods
What are your store hours?,Payment Issue
How can I get a refund?,Order Confirmation
Can I change my delivery address?,Warranty Inquiry
Do you have a customer support number?,Account Help
How long does shipping take?,Order Tracking
I want to cancel my order.,Store Hours
My coupon code is not working.,Order Status
How long does shipping take?,Shipping Time
Where is my order?,Cancel Order
How long does shipping take?,Warranty Inquiry
My coupon code is not working.,Refund
Where is my order?,Coupon Issue
What is your return policy?,Return Policy
Do you have a warranty on your products?,Store Hours
How long does shipping take?,Cancel Order
Do you offer international shipping?,Payment Methods
What is your exchange policy?,Password Reset
What is your return policy?,Refund
What payment methods do you accept?,Account Help
Where is my order?,Product Replacement
Is there a discount available?,Return Policy
Do you have a warranty on your products?,Order Status
Do you have a warranty on your products?,Customer Support
How can I get a refund?,Payment Methods
I need help with my account.,Change Address
Is my order confirmed?,Order Confirmation
Why is my payment failing?,Change Address
Is there a discount available?,Exchange Policy
How can I get a refund?,Refund
Do you have a warranty on your products?,Password Reset
Do you have a warranty on your products?,Password Reset
Can I get a replacement for a damaged product?,Change Address
What is your return policy?,Change Address
I need help with my account.,Warranty Inquiry
What are your store hours?,Exchange Policy
What is your return policy?,Account Help
How do I reset my password?,Exchange Policy
Is my order confirmed?,Payment Methods
Is my order confirmed?,Discount Inquiry
What payment methods do you accept?,Cancel Order
I want to cancel my order.,Order Status
I need help with my account.,Customer Support
Can I get a replacement for a damaged product?,Product Replacement
Why is my payment failing?,Refund
Is my order confirmed?,Payment Methods
Is there a discount available?,Change Address
I need help with my account.,Order Confirmation
Can I change my delivery address?,Account Help
How can I get a refund?,Store Hours
How long does shipping take?,Order Confirmation
Can I get a replacement for a damaged product?,Product Replacement
How can I get a refund?,Payment Issue
My coupon code is not working.,Order Confirmation
How can I get a refund?,Customer Support
What payment methods do you accept?,Payment Methods
Is there a discount available?,International Shipping
Do you have a warranty on your products?,Shipping Time
How do I track my order?,Customer Support
I need help with my account.,Store Hours
How do I track my order?,Order Status
How do I track my order?,Refund
Do you have a customer support number?,Discount Inquiry
Where is my order?,Order Confirmation
How do I track my order?,Cancel Order
Do you have a customer support number?,Order Tracking
How do I track my order?,International Shipping
Is there a discount available?,Refund
My coupon code is not working.,Discount Inquiry
Can I get a replacement for a damaged product?,Change Address
My coupon code is not working.,Password Reset
Is my order confirmed?,Refund
I need help with my account.,International Shipping
How do I track my order?,Customer Support
Can I get a replacement for a damaged product?,Order Tracking
Is my order confirmed?,Cancel Order
Where is my order?,Store Hours
Do you have a warranty on your products?,Product Replacement
What is your return policy?,Discount Inquiry
My coupon code is not working.,Shipping Time
Is there a discount available?,Product Replacement
What is your exchange policy?,Payment Methods
Can I get a replacement for a damaged product?,Order Status
My coupon code is not working.,Coupon Issue
What is your return policy?,Order Tracking
Do you have a warranty on your products?,Order Confirmation
What is your return policy?,Customer Support
Can I get a replacement for a damaged product?,Order Status
How long does shipping take?,Return Policy
I want to cancel my order.,Change Address
My coupon code is not working.,Warranty Inquiry
Can I change my delivery address?,Coupon Issue
How long does shipping take?,Coupon Issue
Is there a discount available?,Shipping Time
What are your store hours?,Warranty Inquiry
My coupon code is not working.,Order Status
How can I get a refund?,Customer Support
I want to cancel my order.,Order Tracking
I need help with my account.,Change Address
Do you offer international shipping?,Cancel Order
How do I track my order?,Cancel Order
How do I track my order?,Order Tracking
I need help with my account.,Product Replacement
Do you offer international shipping?,Order Status
Do you have a customer support number?,Order Status
My coupon code is not working.,Discount Inquiry
How can I get a refund?,Customer Support
